/*
Export created on 03/30/2021 03:04 PM
*/

/*
Table: QueueMaster
*/

Insert into QueueMaster (QUEUEID, QUEUEKEY, TITLE, CHECKPOINTTIMESTAMP, AUTOVIEWSEVERITYTHRESHOLD, POSITION, AUTOVIEWADMIN, AUTOVIEWAE, AUTOVIEWOPERATOR) VALUES (1, 'DOWNLOAD', 'Recipe Download LogX', '2021-03-30 15:04:22', 2.5, 'bottomLeft', False, True, True);
Insert into QueueMaster (QUEUEID, QUEUEKEY, TITLE, CHECKPOINTTIMESTAMP, AUTOVIEWSEVERITYTHRESHOLD, POSITION, AUTOVIEWADMIN, AUTOVIEWAE, AUTOVIEWOPERATOR) VALUES (4, 'RECOMMENDATIONS', 'Recommendations from the Diagnostic Toolkit ', '2021-03-30 15:04:22', 10.0, 'center', False, False, False);
Insert into QueueMaster (QUEUEID, QUEUEKEY, TITLE, CHECKPOINTTIMESTAMP, AUTOVIEWSEVERITYTHRESHOLD, POSITION, AUTOVIEWADMIN, AUTOVIEWAE, AUTOVIEWOPERATOR) VALUES (8, 'XO1TEST', 'Test Console Messages', '2021-03-30 15:04:22', 1.5, 'topLeft', False, False, False);
Insert into QueueMaster (QUEUEID, QUEUEKEY, TITLE, CHECKPOINTTIMESTAMP, AUTOVIEWSEVERITYTHRESHOLD, POSITION, AUTOVIEWADMIN, AUTOVIEWAE, AUTOVIEWOPERATOR) VALUES (9, 'LABDATA', 'Lab Data Messages', '2021-03-30 15:04:22', 10.0, 'center', False, False, False);
Insert into QueueMaster (QUEUEID, QUEUEKEY, TITLE, CHECKPOINTTIMESTAMP, AUTOVIEWSEVERITYTHRESHOLD, POSITION, AUTOVIEWADMIN, AUTOVIEWAE, AUTOVIEWOPERATOR) VALUES (15, 'Test', 'A Queue for Testing', '2021-03-30 15:04:22', 2.5, 'topLeft', False, False, False);
Insert into QueueMaster (QUEUEID, QUEUEKEY, TITLE, CHECKPOINTTIMESTAMP, AUTOVIEWSEVERITYTHRESHOLD, POSITION, AUTOVIEWADMIN, AUTOVIEWAE, AUTOVIEWOPERATOR) VALUES (16, 'SFCS', 'A Queue for SFCs', '2021-03-30 15:04:22', 1.5, 'center', False, True, True);
Insert into QueueMaster (QUEUEID, QUEUEKEY, TITLE, CHECKPOINTTIMESTAMP, AUTOVIEWSEVERITYTHRESHOLD, POSITION, AUTOVIEWADMIN, AUTOVIEWAE, AUTOVIEWOPERATOR) VALUES (22, 'LABFEEDBACK', 'Lab Feedback Messages', '2021-03-30 15:04:22', 10.0, 'center', False, False, False);

/*
Table: LookupType
*/

Insert into LookupType (LOOKUPTYPECODE, LOOKUPTYPENAME, LOOKUPTYPEDESCRIPTION) VALUES ('FeedbackMethod ', 'Feedback Method', 'Technique used to combine multiple recommandations used for the same output');
Insert into LookupType (LOOKUPTYPECODE, LOOKUPTYPENAME, LOOKUPTYPEDESCRIPTION) VALUES ('GroupRampMethod', 'Group Ramp Method', '');
Insert into LookupType (LOOKUPTYPECODE, LOOKUPTYPENAME, LOOKUPTYPEDESCRIPTION) VALUES ('LtSelTargetType', 'Lab Selector Target Type', 'Lab Data Toolkit - Type of the selector target');
Insert into LookupType (LOOKUPTYPECODE, LOOKUPTYPENAME, LOOKUPTYPEDESCRIPTION) VALUES ('RampType', 'RampType', 'IO Ramp Type');
Insert into LookupType (LOOKUPTYPECODE, LOOKUPTYPENAME, LOOKUPTYPEDESCRIPTION) VALUES ('RtLimitSource', 'Recipe Toolkit Limit Source', 'Values are Constant, Recipe, ?');
Insert into LookupType (LOOKUPTYPECODE, LOOKUPTYPENAME, LOOKUPTYPEDESCRIPTION) VALUES ('RtLimitType', 'Recipe Toolkit Limit Type', '');
Insert into LookupType (LOOKUPTYPECODE, LOOKUPTYPENAME, LOOKUPTYPEDESCRIPTION) VALUES ('WindowPosition', 'Window Display Position', 'Position for displaying a window');

/*
Table: Lookup
*/

Insert into Lookup (LOOKUPID, LOOKUPTYPECODE, LOOKUPNAME, LOOKUPDESCRIPTION, ACTIVE) VALUES (1, 'GroupRampMethod', '', '', True);
Insert into Lookup (LOOKUPID, LOOKUPTYPECODE, LOOKUPNAME, LOOKUPDESCRIPTION, ACTIVE) VALUES (2, 'GroupRampMethod', 'Shortest', '', True);
Insert into Lookup (LOOKUPID, LOOKUPTYPECODE, LOOKUPNAME, LOOKUPDESCRIPTION, ACTIVE) VALUES (5, 'FeedbackMethod', 'Simple Sum', '', True);
Insert into Lookup (LOOKUPID, LOOKUPTYPECODE, LOOKUPNAME, LOOKUPDESCRIPTION, ACTIVE) VALUES (6, 'FeedbackMethod', 'Average', '', True);
Insert into Lookup (LOOKUPID, LOOKUPTYPECODE, LOOKUPNAME, LOOKUPDESCRIPTION, ACTIVE) VALUES (9, 'FeedbackMethod', 'Most Positive', '', True);
Insert into Lookup (LOOKUPID, LOOKUPTYPECODE, LOOKUPNAME, LOOKUPDESCRIPTION, ACTIVE) VALUES (10, 'FeedbackMethod', 'Most Negative', '', True);
Insert into Lookup (LOOKUPID, LOOKUPTYPECODE, LOOKUPNAME, LOOKUPDESCRIPTION, ACTIVE) VALUES (12, 'RtLimitType', 'SQC', '', True);
Insert into Lookup (LOOKUPID, LOOKUPTYPECODE, LOOKUPNAME, LOOKUPDESCRIPTION, ACTIVE) VALUES (13, 'RtLimitType', 'Validity', '', True);
Insert into Lookup (LOOKUPID, LOOKUPTYPECODE, LOOKUPNAME, LOOKUPDESCRIPTION, ACTIVE) VALUES (14, 'RtLimitType', 'Release', '', True);
Insert into Lookup (LOOKUPID, LOOKUPTYPECODE, LOOKUPNAME, LOOKUPDESCRIPTION, ACTIVE) VALUES (15, 'RtLimitSource', 'Constant', '', True);
Insert into Lookup (LOOKUPID, LOOKUPTYPECODE, LOOKUPNAME, LOOKUPDESCRIPTION, ACTIVE) VALUES (16, 'RtLimitSource', 'Recipe', '', True);
Insert into Lookup (LOOKUPID, LOOKUPTYPECODE, LOOKUPNAME, LOOKUPDESCRIPTION, ACTIVE) VALUES (17, 'RtLimitSource', 'DCS', '', True);
Insert into Lookup (LOOKUPID, LOOKUPTYPECODE, LOOKUPNAME, LOOKUPDESCRIPTION, ACTIVE) VALUES (18, 'GroupRampMethod', 'Longest', '', True);
Insert into Lookup (LOOKUPID, LOOKUPTYPECODE, LOOKUPNAME, LOOKUPDESCRIPTION, ACTIVE) VALUES (23, 'LtSelTargetType', 'PHD Lab Value Item Id', '', True);
Insert into Lookup (LOOKUPID, LOOKUPTYPECODE, LOOKUPNAME, LOOKUPDESCRIPTION, ACTIVE) VALUES (24, 'LtSelTargetType', 'PHD Lab Value Interface', '', True);
Insert into Lookup (LOOKUPID, LOOKUPTYPECODE, LOOKUPNAME, LOOKUPDESCRIPTION, ACTIVE) VALUES (25, 'WindowPosition', 'center', '', True);
Insert into Lookup (LOOKUPID, LOOKUPTYPECODE, LOOKUPNAME, LOOKUPDESCRIPTION, ACTIVE) VALUES (26, 'WindowPosition', 'topLeft', '', True);
Insert into Lookup (LOOKUPID, LOOKUPTYPECODE, LOOKUPNAME, LOOKUPDESCRIPTION, ACTIVE) VALUES (27, 'WindowPosition', 'topCenter', '', True);
Insert into Lookup (LOOKUPID, LOOKUPTYPECODE, LOOKUPNAME, LOOKUPDESCRIPTION, ACTIVE) VALUES (28, 'WindowPosition', 'topRight', '', True);
Insert into Lookup (LOOKUPID, LOOKUPTYPECODE, LOOKUPNAME, LOOKUPDESCRIPTION, ACTIVE) VALUES (29, 'WindowPosition', 'bottomLeft', '', True);
Insert into Lookup (LOOKUPID, LOOKUPTYPECODE, LOOKUPNAME, LOOKUPDESCRIPTION, ACTIVE) VALUES (30, 'WindowPosition', 'bottomCenter', '', True);
Insert into Lookup (LOOKUPID, LOOKUPTYPECODE, LOOKUPNAME, LOOKUPDESCRIPTION, ACTIVE) VALUES (31, 'WindowPosition', 'bottomRight', '', True);
Insert into Lookup (LOOKUPID, LOOKUPTYPECODE, LOOKUPNAME, LOOKUPDESCRIPTION, ACTIVE) VALUES (32, 'RampType', 'Time', '', True);
Insert into Lookup (LOOKUPID, LOOKUPTYPECODE, LOOKUPNAME, LOOKUPDESCRIPTION, ACTIVE) VALUES (33, 'RampType', 'Rate', '', True);
Insert into Lookup (LOOKUPID, LOOKUPTYPECODE, LOOKUPNAME, LOOKUPDESCRIPTION, ACTIVE) VALUES (34, 'GroupRampMethod', 'Average', '', True);

/*
Table: TkPost
*/

Insert into TkPost (POSTID, POST, MESSAGEQUEUEID, LOGBOOKID, DOWNLOADACTIVE) VALUES (69, 'XO1GLINE', 15, 5, False);
Insert into TkPost (POSTID, POST, MESSAGEQUEUEID, LOGBOOKID, DOWNLOADACTIVE) VALUES (70, 'XO1TEST', 15, 5, False);

/*
Table: TkUnit
*/

Insert into TkUnit (UNITID, UNITNAME, UNITPREFIX, UNITALIAS, POSTID, GRADE) VALUES (74, 'TESTUnit', '', '', 70, '');

/*
Table: DtApplication
*/

Insert into DtApplication (APPLICATIONID, APPLICATIONNAME, UNITID, APPLICATIONUUID, DESCRIPTION, INCLUDEINMAINMENU, MESSAGEQUEUEID, GROUPRAMPMETHODID, DOWNLOADACTION, NOTIFICATIONSTRATEGY, CLIENTID, MANAGED) VALUES (5290, 'TESTAPP1', 74, '91903072-07a1-4942-bcc0-214f9cb473a7', 'My first application', True, 15, 2, 'Auto No-Download', 'ocAlert', '', True);
Insert into DtApplication (APPLICATIONID, APPLICATIONNAME, UNITID, APPLICATIONUUID, DESCRIPTION, INCLUDEINMAINMENU, MESSAGEQUEUEID, GROUPRAMPMETHODID, DOWNLOADACTION, NOTIFICATIONSTRATEGY, CLIENTID, MANAGED) VALUES (5291, 'TESTAPP2', 74, 'c384a0a8-daa6-4ea5-b508-1d5fe322ce30', 'My second application', True, 15, 2, '', 'ocAlert', '', True);
Insert into DtApplication (APPLICATIONID, APPLICATIONNAME, UNITID, APPLICATIONUUID, DESCRIPTION, INCLUDEINMAINMENU, MESSAGEQUEUEID, GROUPRAMPMETHODID, DOWNLOADACTION, NOTIFICATIONSTRATEGY, CLIENTID, MANAGED) VALUES (5292, 'TESTAPP3', 74, '971bb858-8b7d-43de-9897-8b535299b5d8', 'My third application', True, 15, 2, '', 'ocAlert', '', True);
Insert into DtApplication (APPLICATIONID, APPLICATIONNAME, UNITID, APPLICATIONUUID, DESCRIPTION, INCLUDEINMAINMENU, MESSAGEQUEUEID, GROUPRAMPMETHODID, DOWNLOADACTION, NOTIFICATIONSTRATEGY, CLIENTID, MANAGED) VALUES (5557, 'Designer', 74, '73b405c7-da91-4345-a34a-eed1f699fbb5', 'A playground', True, 15, 2, '', 'ocAlert', '', True);
Insert into DtApplication (APPLICATIONID, APPLICATIONNAME, UNITID, APPLICATIONUUID, DESCRIPTION, INCLUDEINMAINMENU, MESSAGEQUEUEID, GROUPRAMPMETHODID, DOWNLOADACTION, NOTIFICATIONSTRATEGY, CLIENTID, MANAGED) VALUES (5694, 'FINAL_TEST_1', 74, 'db505df5-d4b6-49ed-ab13-f20eb19c9cd5', 'For automated testing', True, 15, 2, 'No Download', 'ocAlert', '', True);
Insert into DtApplication (APPLICATIONID, APPLICATIONNAME, UNITID, APPLICATIONUUID, DESCRIPTION, INCLUDEINMAINMENU, MESSAGEQUEUEID, GROUPRAMPMETHODID, DOWNLOADACTION, NOTIFICATIONSTRATEGY, CLIENTID, MANAGED) VALUES (5695, 'FINAL_TEST_2', 74, '', 'Also for automated testing', True, 15, 2, 'No Download', 'ocAlert', '', True);

/*
Table: DtFamily
*/

Insert into DtFamily (FAMILYID, APPLICATIONID, FAMILYNAME, FAMILYPRIORITY, FAMILYUUID, DESCRIPTION) VALUES (10408, 5290, 'TestFamily1_1', 5.6, '6154f834-a339-4eec-9e23-501a8d602784', '');
Insert into DtFamily (FAMILYID, APPLICATIONID, FAMILYNAME, FAMILYPRIORITY, FAMILYUUID, DESCRIPTION) VALUES (10409, 5290, 'TestFamily1_2', 7.6, 'ba012155-2297-446a-9191-a7e9ed7897dc', '');
Insert into DtFamily (FAMILYID, APPLICATIONID, FAMILYNAME, FAMILYPRIORITY, FAMILYUUID, DESCRIPTION) VALUES (10410, 5290, 'TestFamily1_3', 0.0, 'fd212d1a-dabf-40d4-a7cc-f655c522bcf9', '');
Insert into DtFamily (FAMILYID, APPLICATIONID, FAMILYNAME, FAMILYPRIORITY, FAMILYUUID, DESCRIPTION) VALUES (10610, 5291, 'TestFamily2_1', 6.0, '6151f46a-af3c-4db0-af15-fc7d466297a4', '');
Insert into DtFamily (FAMILYID, APPLICATIONID, FAMILYNAME, FAMILYPRIORITY, FAMILYUUID, DESCRIPTION) VALUES (10611, 5292, 'Test3_1_Family', 0.0, '8c38d469-2420-4b07-bbb8-715f123760cc', '');
Insert into DtFamily (FAMILYID, APPLICATIONID, FAMILYNAME, FAMILYPRIORITY, FAMILYUUID, DESCRIPTION) VALUES (10912, 5557, 'In_Out_Source_Sink', 0.0, '73b405c7-da91-4345-a34a-eed1f699fbb5', '');
Insert into DtFamily (FAMILYID, APPLICATIONID, FAMILYNAME, FAMILYPRIORITY, FAMILYUUID, DESCRIPTION) VALUES (11182, 5694, 'FT_Family1_1', 5.4, '', '');
Insert into DtFamily (FAMILYID, APPLICATIONID, FAMILYNAME, FAMILYPRIORITY, FAMILYUUID, DESCRIPTION) VALUES (11183, 5694, 'FT_Family1_2', 7.6, '', '');
Insert into DtFamily (FAMILYID, APPLICATIONID, FAMILYNAME, FAMILYPRIORITY, FAMILYUUID, DESCRIPTION) VALUES (11184, 5695, 'FT_Family2_1', 5.2, '', '');
Insert into DtFamily (FAMILYID, APPLICATIONID, FAMILYNAME, FAMILYPRIORITY, FAMILYUUID, DESCRIPTION) VALUES (11185, 5694, 'TESTFamily1_1', 0.0, '2d563429-405a-4380-8d00-64cf58026b6f', '');
Insert into DtFamily (FAMILYID, APPLICATIONID, FAMILYNAME, FAMILYPRIORITY, FAMILYUUID, DESCRIPTION) VALUES (11186, 5694, 'TESTFamily1_2', 0.0, 'db505df5-d4b6-49ed-ab13-f20eb19c9cd5', '');

/*
Table: DtSqcDiagnosis
*/

Insert into DtSqcDiagnosis (SQCDIAGNOSISID, SQCDIAGNOSISNAME, SQCDIAGNOSISLABEL, STATUS, FAMILYID, SQCDIAGNOSISUUID, DIAGRAMUUID, LASTRESETTIME) VALUES (281, 'Test1_2_1_GLUCOSE_SQC', 'Brown Sugar', 'FALSE', 10409, 'f9157902-d20f-4302-b679-2a80b2d279e2', '16adb846-e7ee-476d-afdd-6911b5b95aca', '2021-03-30 15:04:22');
Insert into DtSqcDiagnosis (SQCDIAGNOSISID, SQCDIAGNOSISNAME, SQCDIAGNOSISLABEL, STATUS, FAMILYID, SQCDIAGNOSISUUID, DIAGRAMUUID, LASTRESETTIME) VALUES (282, '.', '', 'New', 10409, 'f9157902-d20f-4302-b679-2a80b2d279e2', '16adb846-e7ee-476d-afdd-6911b5b95aca', '2021-03-30 15:04:22');

/*
Table: DtFinalDiagnosis
*/

Insert into DtFinalDiagnosis (FINALDIAGNOSISID, FINALDIAGNOSISNAME, FINALDIAGNOSISLABEL, FAMILYID, FINALDIAGNOSISPRIORITY, CALCULATIONMETHOD, CONSTANT, POSTTEXTRECOMMENDATION, POSTPROCESSINGCALLBACK, REFRESHRATE, COMMENT, TEXTRECOMMENDATION, STATE, ACTIVE, EXPLANATION, TRAPINSIGNIFICANTRECOMMENDATIONS, LASTRECOMMENDATIONTIME, TIMEOFMOSTRECENTRECOMMENDATIONIMPLEMENTATION, FINALDIAGNOSISUUID, DIAGRAMUUID, MANUALMOVEALLOWED, MANUALMOVE, SHOWEXPLANATIONWITHRECOMMENDATION) VALUES (25635, 'TESTFD1_2_1', '', 10409, 0.0, '', False, False, '', 5, 'Hey a comment from the DB', '', False, False, '', NULL, '2021-03-30 15:04:22', '2021-03-30 15:04:22', 'a4b7be0d-81e1-4053-ac56-8d64684a8151', '16adb846-e7ee-476d-afdd-6911b5b95aca', True, NULL, False);
Insert into DtFinalDiagnosis (FINALDIAGNOSISID, FINALDIAGNOSISNAME, FINALDIAGNOSISLABEL, FAMILYID, FINALDIAGNOSISPRIORITY, CALCULATIONMETHOD, CONSTANT, POSTTEXTRECOMMENDATION, POSTPROCESSINGCALLBACK, REFRESHRATE, COMMENT, TEXTRECOMMENDATION, STATE, ACTIVE, EXPLANATION, TRAPINSIGNIFICANTRECOMMENDATIONS, LASTRECOMMENDATIONTIME, TIMEOFMOSTRECENTRECOMMENDATIONIMPLEMENTATION, FINALDIAGNOSISUUID, DIAGRAMUUID, MANUALMOVEALLOWED, MANUALMOVE, SHOWEXPLANATIONWITHRECOMMENDATION) VALUES (25636, 'TESTFD1_2_2', '', 10409, 0.0, '', False, False, '', 5, '', '', False, False, '', NULL, '2021-03-30 15:04:22', '2021-03-30 15:04:22', '16e02884-4049-464e-bd8a-44d18c9ed9c0', 'c3ddf356-51e1-4d6d-a0de-d7ebce238962', True, NULL, False);
Insert into DtFinalDiagnosis (FINALDIAGNOSISID, FINALDIAGNOSISNAME, FINALDIAGNOSISLABEL, FAMILYID, FINALDIAGNOSISPRIORITY, CALCULATIONMETHOD, CONSTANT, POSTTEXTRECOMMENDATION, POSTPROCESSINGCALLBACK, REFRESHRATE, COMMENT, TEXTRECOMMENDATION, STATE, ACTIVE, EXPLANATION, TRAPINSIGNIFICANTRECOMMENDATIONS, LASTRECOMMENDATIONTIME, TIMEOFMOSTRECENTRECOMMENDATIONIMPLEMENTATION, FINALDIAGNOSISUUID, DIAGRAMUUID, MANUALMOVEALLOWED, MANUALMOVE, SHOWEXPLANATIONWITHRECOMMENDATION) VALUES (25637, 'TESTFD1_2_3', '', 10409, 0.0, '', False, False, '', 5, '', '', False, False, '', NULL, '2021-03-30 15:04:22', '2021-03-30 15:04:22', 'bf657584-dbf0-4c50-9fff-7e9089a58463', '3d93201d-c6ff-4063-a55b-4bc650d97ec7', True, 0.0, False);
Insert into DtFinalDiagnosis (FINALDIAGNOSISID, FINALDIAGNOSISNAME, FINALDIAGNOSISLABEL, FAMILYID, FINALDIAGNOSISPRIORITY, CALCULATIONMETHOD, CONSTANT, POSTTEXTRECOMMENDATION, POSTPROCESSINGCALLBACK, REFRESHRATE, COMMENT, TEXTRECOMMENDATION, STATE, ACTIVE, EXPLANATION, TRAPINSIGNIFICANTRECOMMENDATIONS, LASTRECOMMENDATIONTIME, TIMEOFMOSTRECENTRECOMMENDATIONIMPLEMENTATION, FINALDIAGNOSISUUID, DIAGRAMUUID, MANUALMOVEALLOWED, MANUALMOVE, SHOWEXPLANATIONWITHRECOMMENDATION) VALUES (25638, 'TESTFD1_2_4', '', 10409, 0.0, '', False, False, '', 5, '', '', False, False, '', NULL, '2021-03-30 15:04:22', '2021-03-30 15:04:22', 'ee3ac1e9-5d1c-4f40-bfb5-bb24f27ff758', 'e4b09a27-8bc3-4729-86ab-d7856fd58b83', NULL, NULL, False);
Insert into DtFinalDiagnosis (FINALDIAGNOSISID, FINALDIAGNOSISNAME, FINALDIAGNOSISLABEL, FAMILYID, FINALDIAGNOSISPRIORITY, CALCULATIONMETHOD, CONSTANT, POSTTEXTRECOMMENDATION, POSTPROCESSINGCALLBACK, REFRESHRATE, COMMENT, TEXTRECOMMENDATION, STATE, ACTIVE, EXPLANATION, TRAPINSIGNIFICANTRECOMMENDATIONS, LASTRECOMMENDATIONTIME, TIMEOFMOSTRECENTRECOMMENDATIONIMPLEMENTATION, FINALDIAGNOSISUUID, DIAGRAMUUID, MANUALMOVEALLOWED, MANUALMOVE, SHOWEXPLANATIONWITHRECOMMENDATION) VALUES (25639, 'TESTFD1_2_5', '', 10409, 0.0, '', NULL, False, '', 5, '', '', False, False, '', NULL, '2021-03-30 15:04:22', '2021-03-30 15:04:22', '8587b8e5-238c-4fb8-bb67-071c06c6e148', 'e1cae057-607a-4dc6-b0c7-b40ae7f5aa8b', NULL, NULL, False);
Insert into DtFinalDiagnosis (FINALDIAGNOSISID, FINALDIAGNOSISNAME, FINALDIAGNOSISLABEL, FAMILYID, FINALDIAGNOSISPRIORITY, CALCULATIONMETHOD, CONSTANT, POSTTEXTRECOMMENDATION, POSTPROCESSINGCALLBACK, REFRESHRATE, COMMENT, TEXTRECOMMENDATION, STATE, ACTIVE, EXPLANATION, TRAPINSIGNIFICANTRECOMMENDATIONS, LASTRECOMMENDATIONTIME, TIMEOFMOSTRECENTRECOMMENDATIONIMPLEMENTATION, FINALDIAGNOSISUUID, DIAGRAMUUID, MANUALMOVEALLOWED, MANUALMOVE, SHOWEXPLANATIONWITHRECOMMENDATION) VALUES (25640, 'TESTFD1_2_6c', '', 10409, 0.0, '', NULL, False, '', 5, '', '', False, False, '', NULL, '2021-03-30 15:04:22', '2021-03-30 15:04:22', 'f614955a-517e-4fcd-8141-89ddfd7d4ddd', 'f9d69ee1-2e41-49cd-9134-a14e20cd42ef', NULL, NULL, False);
Insert into DtFinalDiagnosis (FINALDIAGNOSISID, FINALDIAGNOSISNAME, FINALDIAGNOSISLABEL, FAMILYID, FINALDIAGNOSISPRIORITY, CALCULATIONMETHOD, CONSTANT, POSTTEXTRECOMMENDATION, POSTPROCESSINGCALLBACK, REFRESHRATE, COMMENT, TEXTRECOMMENDATION, STATE, ACTIVE, EXPLANATION, TRAPINSIGNIFICANTRECOMMENDATIONS, LASTRECOMMENDATIONTIME, TIMEOFMOSTRECENTRECOMMENDATIONIMPLEMENTATION, FINALDIAGNOSISUUID, DIAGRAMUUID, MANUALMOVEALLOWED, MANUALMOVE, SHOWEXPLANATIONWITHRECOMMENDATION) VALUES (25641, 'TESTFD1_2_6b', '', 10409, 0.0, '', NULL, False, '', 5, '', '', False, False, '', NULL, '2021-03-30 15:04:22', '2021-03-30 15:04:22', '41790319-ba5c-4847-8f70-e3e386512b6f', 'f9d69ee1-2e41-49cd-9134-a14e20cd42ef', NULL, NULL, False);
Insert into DtFinalDiagnosis (FINALDIAGNOSISID, FINALDIAGNOSISNAME, FINALDIAGNOSISLABEL, FAMILYID, FINALDIAGNOSISPRIORITY, CALCULATIONMETHOD, CONSTANT, POSTTEXTRECOMMENDATION, POSTPROCESSINGCALLBACK, REFRESHRATE, COMMENT, TEXTRECOMMENDATION, STATE, ACTIVE, EXPLANATION, TRAPINSIGNIFICANTRECOMMENDATIONS, LASTRECOMMENDATIONTIME, TIMEOFMOSTRECENTRECOMMENDATIONIMPLEMENTATION, FINALDIAGNOSISUUID, DIAGRAMUUID, MANUALMOVEALLOWED, MANUALMOVE, SHOWEXPLANATIONWITHRECOMMENDATION) VALUES (25642, 'TESTFD1_2_6a', '', 10409, 0.0, '', NULL, False, '', 5, '', '', False, False, '', NULL, '2021-03-30 15:04:22', '2021-03-30 15:04:22', 'bf03c7f7-3dfe-4816-a8b8-5efbb7f915bd', 'f9d69ee1-2e41-49cd-9134-a14e20cd42ef', NULL, NULL, False);
Insert into DtFinalDiagnosis (FINALDIAGNOSISID, FINALDIAGNOSISNAME, FINALDIAGNOSISLABEL, FAMILYID, FINALDIAGNOSISPRIORITY, CALCULATIONMETHOD, CONSTANT, POSTTEXTRECOMMENDATION, POSTPROCESSINGCALLBACK, REFRESHRATE, COMMENT, TEXTRECOMMENDATION, STATE, ACTIVE, EXPLANATION, TRAPINSIGNIFICANTRECOMMENDATIONS, LASTRECOMMENDATIONTIME, TIMEOFMOSTRECENTRECOMMENDATIONIMPLEMENTATION, FINALDIAGNOSISUUID, DIAGRAMUUID, MANUALMOVEALLOWED, MANUALMOVE, SHOWEXPLANATIONWITHRECOMMENDATION) VALUES (25643, 'TESTFD1_2_6', '', 10409, 0.0, '', NULL, False, '', 5, '', 'Hello', False, False, '', NULL, '2021-03-30 15:04:22', '2021-03-30 15:04:22', 'd72a45b2-33a2-4f19-839d-9e204e815b31', 'f9d69ee1-2e41-49cd-9134-a14e20cd42ef', NULL, NULL, False);
Insert into DtFinalDiagnosis (FINALDIAGNOSISID, FINALDIAGNOSISNAME, FINALDIAGNOSISLABEL, FAMILYID, FINALDIAGNOSISPRIORITY, CALCULATIONMETHOD, CONSTANT, POSTTEXTRECOMMENDATION, POSTPROCESSINGCALLBACK, REFRESHRATE, COMMENT, TEXTRECOMMENDATION, STATE, ACTIVE, EXPLANATION, TRAPINSIGNIFICANTRECOMMENDATIONS, LASTRECOMMENDATIONTIME, TIMEOFMOSTRECENTRECOMMENDATIONIMPLEMENTATION, FINALDIAGNOSISUUID, DIAGRAMUUID, MANUALMOVEALLOWED, MANUALMOVE, SHOWEXPLANATIONWITHRECOMMENDATION) VALUES (25644, 'TESTFD1_2_6d', '', 10409, 0.0, '', NULL, False, '', 5, '', '', False, False, '', NULL, '2021-03-30 15:04:22', '2021-03-30 15:04:22', '1afda8cb-f804-4f10-9aae-e746513ed6fb', 'f9d69ee1-2e41-49cd-9134-a14e20cd42ef', NULL, NULL, False);
Insert into DtFinalDiagnosis (FINALDIAGNOSISID, FINALDIAGNOSISNAME, FINALDIAGNOSISLABEL, FAMILYID, FINALDIAGNOSISPRIORITY, CALCULATIONMETHOD, CONSTANT, POSTTEXTRECOMMENDATION, POSTPROCESSINGCALLBACK, REFRESHRATE, COMMENT, TEXTRECOMMENDATION, STATE, ACTIVE, EXPLANATION, TRAPINSIGNIFICANTRECOMMENDATIONS, LASTRECOMMENDATIONTIME, TIMEOFMOSTRECENTRECOMMENDATIONIMPLEMENTATION, FINALDIAGNOSISUUID, DIAGRAMUUID, MANUALMOVEALLOWED, MANUALMOVE, SHOWEXPLANATIONWITHRECOMMENDATION) VALUES (25645, 'TESTFD1_2_7', '', 10409, 0.0, '', NULL, False, '', 5, '', '', False, False, '', NULL, '2021-03-30 15:04:22', '2021-03-30 15:04:22', 'de250da3-65e3-4551-8531-de833ddf8add', 'dbb4a4b4-4969-4b5f-9e4b-03e0a1924adc', NULL, NULL, False);
Insert into DtFinalDiagnosis (FINALDIAGNOSISID, FINALDIAGNOSISNAME, FINALDIAGNOSISLABEL, FAMILYID, FINALDIAGNOSISPRIORITY, CALCULATIONMETHOD, CONSTANT, POSTTEXTRECOMMENDATION, POSTPROCESSINGCALLBACK, REFRESHRATE, COMMENT, TEXTRECOMMENDATION, STATE, ACTIVE, EXPLANATION, TRAPINSIGNIFICANTRECOMMENDATIONS, LASTRECOMMENDATIONTIME, TIMEOFMOSTRECENTRECOMMENDATIONIMPLEMENTATION, FINALDIAGNOSISUUID, DIAGRAMUUID, MANUALMOVEALLOWED, MANUALMOVE, SHOWEXPLANATIONWITHRECOMMENDATION) VALUES (25647, 'FD_1_3_2', '', 10410, 0.0, '', NULL, False, '', 5, '', '', False, False, '', NULL, '2021-03-30 15:04:22', '2021-03-30 15:04:22', '71ac16aa-495f-4bf0-b16b-24edcea2b295', '74cd03a3-63a1-4eae-a2d7-8ce7142c97fb', NULL, NULL, False);
Insert into DtFinalDiagnosis (FINALDIAGNOSISID, FINALDIAGNOSISNAME, FINALDIAGNOSISLABEL, FAMILYID, FINALDIAGNOSISPRIORITY, CALCULATIONMETHOD, CONSTANT, POSTTEXTRECOMMENDATION, POSTPROCESSINGCALLBACK, REFRESHRATE, COMMENT, TEXTRECOMMENDATION, STATE, ACTIVE, EXPLANATION, TRAPINSIGNIFICANTRECOMMENDATIONS, LASTRECOMMENDATIONTIME, TIMEOFMOSTRECENTRECOMMENDATIONIMPLEMENTATION, FINALDIAGNOSISUUID, DIAGRAMUUID, MANUALMOVEALLOWED, MANUALMOVE, SHOWEXPLANATIONWITHRECOMMENDATION) VALUES (25650, 'FD1_3_3a', '', 10410, 0.0, '', NULL, False, '', 5, '', '', True, False, '', NULL, '2021-03-30 15:04:22', '2021-03-30 15:04:22', '81b8fd80-b413-49a4-b5d1-ee25b0079e8e', 'dcb3da57-547b-461f-818b-eabaea9cd85d', NULL, NULL, False);
Insert into DtFinalDiagnosis (FINALDIAGNOSISID, FINALDIAGNOSISNAME, FINALDIAGNOSISLABEL, FAMILYID, FINALDIAGNOSISPRIORITY, CALCULATIONMETHOD, CONSTANT, POSTTEXTRECOMMENDATION, POSTPROCESSINGCALLBACK, REFRESHRATE, COMMENT, TEXTRECOMMENDATION, STATE, ACTIVE, EXPLANATION, TRAPINSIGNIFICANTRECOMMENDATIONS, LASTRECOMMENDATIONTIME, TIMEOFMOSTRECENTRECOMMENDATIONIMPLEMENTATION, FINALDIAGNOSISUUID, DIAGRAMUUID, MANUALMOVEALLOWED, MANUALMOVE, SHOWEXPLANATIONWITHRECOMMENDATION) VALUES (25651, 'FD1_3_3b', '', 10410, 0.0, '', NULL, False, '', 5, '', '', True, False, '', NULL, '2021-03-30 15:04:22', '2021-03-30 15:04:22', '72e71da2-d734-4051-a164-2321ec0664b1', 'dcb3da57-547b-461f-818b-eabaea9cd85d', NULL, NULL, False);
Insert into DtFinalDiagnosis (FINALDIAGNOSISID, FINALDIAGNOSISNAME, FINALDIAGNOSISLABEL, FAMILYID, FINALDIAGNOSISPRIORITY, CALCULATIONMETHOD, CONSTANT, POSTTEXTRECOMMENDATION, POSTPROCESSINGCALLBACK, REFRESHRATE, COMMENT, TEXTRECOMMENDATION, STATE, ACTIVE, EXPLANATION, TRAPINSIGNIFICANTRECOMMENDATIONS, LASTRECOMMENDATIONTIME, TIMEOFMOSTRECENTRECOMMENDATIONIMPLEMENTATION, FINALDIAGNOSISUUID, DIAGRAMUUID, MANUALMOVEALLOWED, MANUALMOVE, SHOWEXPLANATIONWITHRECOMMENDATION) VALUES (25652, 'FD1_3_3d', '', 10410, 0.0, '', NULL, False, '', 5, '', '', NULL, False, '', NULL, '2021-03-30 15:04:22', '2021-03-30 15:04:22', 'ddc178fd-1c66-4a49-9151-36b09dd05956', 'dcb3da57-547b-461f-818b-eabaea9cd85d', NULL, NULL, False);
Insert into DtFinalDiagnosis (FINALDIAGNOSISID, FINALDIAGNOSISNAME, FINALDIAGNOSISLABEL, FAMILYID, FINALDIAGNOSISPRIORITY, CALCULATIONMETHOD, CONSTANT, POSTTEXTRECOMMENDATION, POSTPROCESSINGCALLBACK, REFRESHRATE, COMMENT, TEXTRECOMMENDATION, STATE, ACTIVE, EXPLANATION, TRAPINSIGNIFICANTRECOMMENDATIONS, LASTRECOMMENDATIONTIME, TIMEOFMOSTRECENTRECOMMENDATIONIMPLEMENTATION, FINALDIAGNOSISUUID, DIAGRAMUUID, MANUALMOVEALLOWED, MANUALMOVE, SHOWEXPLANATIONWITHRECOMMENDATION) VALUES (25653, 'FD1_3_3c', '', 10410, 0.0, '', NULL, False, '', 5, '', '', True, False, '', NULL, '2021-03-30 15:04:22', '2021-03-30 15:04:22', '1f165839-1c14-4a61-95a5-680a9c9f81f5', 'dcb3da57-547b-461f-818b-eabaea9cd85d', NULL, NULL, False);
Insert into DtFinalDiagnosis (FINALDIAGNOSISID, FINALDIAGNOSISNAME, FINALDIAGNOSISLABEL, FAMILYID, FINALDIAGNOSISPRIORITY, CALCULATIONMETHOD, CONSTANT, POSTTEXTRECOMMENDATION, POSTPROCESSINGCALLBACK, REFRESHRATE, COMMENT, TEXTRECOMMENDATION, STATE, ACTIVE, EXPLANATION, TRAPINSIGNIFICANTRECOMMENDATIONS, LASTRECOMMENDATIONTIME, TIMEOFMOSTRECENTRECOMMENDATIONIMPLEMENTATION, FINALDIAGNOSISUUID, DIAGRAMUUID, MANUALMOVEALLOWED, MANUALMOVE, SHOWEXPLANATIONWITHRECOMMENDATION) VALUES (25818, 'FINALDIAGNOSIS-658', '', 10409, 0.0, '', NULL, False, '', 5, '', '', NULL, False, '', NULL, '2021-03-30 15:04:22', '2021-03-30 15:04:22', '746b69ce-907e-4373-8e5a-4075753b9c19', 'db579332-e059-4fdf-b504-d75c026099d9', NULL, NULL, False);
Insert into DtFinalDiagnosis (FINALDIAGNOSISID, FINALDIAGNOSISNAME, FINALDIAGNOSISLABEL, FAMILYID, FINALDIAGNOSISPRIORITY, CALCULATIONMETHOD, CONSTANT, POSTTEXTRECOMMENDATION, POSTPROCESSINGCALLBACK, REFRESHRATE, COMMENT, TEXTRECOMMENDATION, STATE, ACTIVE, EXPLANATION, TRAPINSIGNIFICANTRECOMMENDATIONS, LASTRECOMMENDATIONTIME, TIMEOFMOSTRECENTRECOMMENDATIONIMPLEMENTATION, FINALDIAGNOSISUUID, DIAGRAMUUID, MANUALMOVEALLOWED, MANUALMOVE, SHOWEXPLANATIONWITHRECOMMENDATION) VALUES (25819, 'FINALDIAGNOSIS-132', '', 10409, 0.0, '', NULL, False, '', 5, '', '', NULL, False, '', NULL, '2021-03-30 15:04:22', '2021-03-30 15:04:22', 'ed868073-095c-4164-857f-e1ccfba881e1', 'db579332-e059-4fdf-b504-d75c026099d9', NULL, NULL, False);
Insert into DtFinalDiagnosis (FINALDIAGNOSISID, FINALDIAGNOSISNAME, FINALDIAGNOSISLABEL, FAMILYID, FINALDIAGNOSISPRIORITY, CALCULATIONMETHOD, CONSTANT, POSTTEXTRECOMMENDATION, POSTPROCESSINGCALLBACK, REFRESHRATE, COMMENT, TEXTRECOMMENDATION, STATE, ACTIVE, EXPLANATION, TRAPINSIGNIFICANTRECOMMENDATIONS, LASTRECOMMENDATIONTIME, TIMEOFMOSTRECENTRECOMMENDATIONIMPLEMENTATION, FINALDIAGNOSISUUID, DIAGRAMUUID, MANUALMOVEALLOWED, MANUALMOVE, SHOWEXPLANATIONWITHRECOMMENDATION) VALUES (26304, 'TESTFD2_1_1', '', 10610, 0.0, '', NULL, False, '', 5, '', '', NULL, False, '', NULL, '2021-03-30 15:04:22', '2021-03-30 15:04:22', '88e7d513-ef1d-4c96-a860-a432869f4b34', '91a16dcd-f3f0-4a30-a819-b680b1718c13', NULL, NULL, False);
Insert into DtFinalDiagnosis (FINALDIAGNOSISID, FINALDIAGNOSISNAME, FINALDIAGNOSISLABEL, FAMILYID, FINALDIAGNOSISPRIORITY, CALCULATIONMETHOD, CONSTANT, POSTTEXTRECOMMENDATION, POSTPROCESSINGCALLBACK, REFRESHRATE, COMMENT, TEXTRECOMMENDATION, STATE, ACTIVE, EXPLANATION, TRAPINSIGNIFICANTRECOMMENDATIONS, LASTRECOMMENDATIONTIME, TIMEOFMOSTRECENTRECOMMENDATIONIMPLEMENTATION, FINALDIAGNOSISUUID, DIAGRAMUUID, MANUALMOVEALLOWED, MANUALMOVE, SHOWEXPLANATIONWITHRECOMMENDATION) VALUES (27270, 'TESTFD1_1_1', '', 10408, 0.0, '', NULL, False, '', 0, '', '', NULL, False, '', NULL, '2021-03-30 15:04:22', '2021-03-30 15:04:22', 'e7dde708-7d96-4133-95fe-87ae685020a3', 'a8cc9af1-422a-4e50-9bf0-f58bec759c4e', NULL, NULL, False);
Insert into DtFinalDiagnosis (FINALDIAGNOSISID, FINALDIAGNOSISNAME, FINALDIAGNOSISLABEL, FAMILYID, FINALDIAGNOSISPRIORITY, CALCULATIONMETHOD, CONSTANT, POSTTEXTRECOMMENDATION, POSTPROCESSINGCALLBACK, REFRESHRATE, COMMENT, TEXTRECOMMENDATION, STATE, ACTIVE, EXPLANATION, TRAPINSIGNIFICANTRECOMMENDATIONS, LASTRECOMMENDATIONTIME, TIMEOFMOSTRECENTRECOMMENDATIONIMPLEMENTATION, FINALDIAGNOSISUUID, DIAGRAMUUID, MANUALMOVEALLOWED, MANUALMOVE, SHOWEXPLANATIONWITHRECOMMENDATION) VALUES (27271, 'TESTFD1_1_1d', '', 10408, 0.0, '', NULL, False, '', 0, '', '', True, False, '', NULL, '2021-03-30 15:04:22', '2021-03-30 15:04:22', 'bd2a7b76-aa70-4207-8025-e67e85c07cd1', '2708c739-9ca2-4355-b2df-9fc0d88d7711', NULL, NULL, False);
Insert into DtFinalDiagnosis (FINALDIAGNOSISID, FINALDIAGNOSISNAME, FINALDIAGNOSISLABEL, FAMILYID, FINALDIAGNOSISPRIORITY, CALCULATIONMETHOD, CONSTANT, POSTTEXTRECOMMENDATION, POSTPROCESSINGCALLBACK, REFRESHRATE, COMMENT, TEXTRECOMMENDATION, STATE, ACTIVE, EXPLANATION, TRAPINSIGNIFICANTRECOMMENDATIONS, LASTRECOMMENDATIONTIME, TIMEOFMOSTRECENTRECOMMENDATIONIMPLEMENTATION, FINALDIAGNOSISUUID, DIAGRAMUUID, MANUALMOVEALLOWED, MANUALMOVE, SHOWEXPLANATIONWITHRECOMMENDATION) VALUES (27272, 'TESTFD1_1_1c', '', 10408, 0.0, '', NULL, False, '', 0, '', '', False, False, '', NULL, '2021-03-30 15:04:22', '2021-03-30 15:04:22', '761f4d0a-ab20-4ece-b0eb-30ac40cb209f', '2708c739-9ca2-4355-b2df-9fc0d88d7711', NULL, NULL, False);
Insert into DtFinalDiagnosis (FINALDIAGNOSISID, FINALDIAGNOSISNAME, FINALDIAGNOSISLABEL, FAMILYID, FINALDIAGNOSISPRIORITY, CALCULATIONMETHOD, CONSTANT, POSTTEXTRECOMMENDATION, POSTPROCESSINGCALLBACK, REFRESHRATE, COMMENT, TEXTRECOMMENDATION, STATE, ACTIVE, EXPLANATION, TRAPINSIGNIFICANTRECOMMENDATIONS, LASTRECOMMENDATIONTIME, TIMEOFMOSTRECENTRECOMMENDATIONIMPLEMENTATION, FINALDIAGNOSISUUID, DIAGRAMUUID, MANUALMOVEALLOWED, MANUALMOVE, SHOWEXPLANATIONWITHRECOMMENDATION) VALUES (27273, 'TESTFD1_1_1b', '', 10408, 0.0, '', NULL, False, '', 0, '', '', False, False, '', NULL, '2021-03-30 15:04:22', '2021-03-30 15:04:22', 'f89751e3-d803-4ee8-9bfe-1bc066577d04', '2708c739-9ca2-4355-b2df-9fc0d88d7711', NULL, NULL, False);
Insert into DtFinalDiagnosis (FINALDIAGNOSISID, FINALDIAGNOSISNAME, FINALDIAGNOSISLABEL, FAMILYID, FINALDIAGNOSISPRIORITY, CALCULATIONMETHOD, CONSTANT, POSTTEXTRECOMMENDATION, POSTPROCESSINGCALLBACK, REFRESHRATE, COMMENT, TEXTRECOMMENDATION, STATE, ACTIVE, EXPLANATION, TRAPINSIGNIFICANTRECOMMENDATIONS, LASTRECOMMENDATIONTIME, TIMEOFMOSTRECENTRECOMMENDATIONIMPLEMENTATION, FINALDIAGNOSISUUID, DIAGRAMUUID, MANUALMOVEALLOWED, MANUALMOVE, SHOWEXPLANATIONWITHRECOMMENDATION) VALUES (27274, 'TESTFD1_1_1a', '', 10408, 0.0, '', NULL, False, '', 0, '', '', False, False, '', NULL, '2021-03-30 15:04:22', '2021-03-30 15:04:22', '0c1c380e-7ca1-4960-96aa-606af305b089', '2708c739-9ca2-4355-b2df-9fc0d88d7711', NULL, NULL, False);
Insert into DtFinalDiagnosis (FINALDIAGNOSISID, FINALDIAGNOSISNAME, FINALDIAGNOSISLABEL, FAMILYID, FINALDIAGNOSISPRIORITY, CALCULATIONMETHOD, CONSTANT, POSTTEXTRECOMMENDATION, POSTPROCESSINGCALLBACK, REFRESHRATE, COMMENT, TEXTRECOMMENDATION, STATE, ACTIVE, EXPLANATION, TRAPINSIGNIFICANTRECOMMENDATIONS, LASTRECOMMENDATIONTIME, TIMEOFMOSTRECENTRECOMMENDATIONIMPLEMENTATION, FINALDIAGNOSISUUID, DIAGRAMUUID, MANUALMOVEALLOWED, MANUALMOVE, SHOWEXPLANATIONWITHRECOMMENDATION) VALUES (28189, 'FT_FD1_1_1', '', 11182, 2.3, 'ils.diagToolkit.test.calculationMethods.fd1_1_1', False, False, '', 300, '', 'Final Diagnosis 1.1.1', False, False, '', True, '2021-03-30 15:04:22', '2021-03-30 15:04:22', '', '', NULL, 0.0, False);
Insert into DtFinalDiagnosis (FINALDIAGNOSISID, FINALDIAGNOSISNAME, FINALDIAGNOSISLABEL, FAMILYID, FINALDIAGNOSISPRIORITY, CALCULATIONMETHOD, CONSTANT, POSTTEXTRECOMMENDATION, POSTPROCESSINGCALLBACK, REFRESHRATE, COMMENT, TEXTRECOMMENDATION, STATE, ACTIVE, EXPLANATION, TRAPINSIGNIFICANTRECOMMENDATIONS, LASTRECOMMENDATIONTIME, TIMEOFMOSTRECENTRECOMMENDATIONIMPLEMENTATION, FINALDIAGNOSISUUID, DIAGRAMUUID, MANUALMOVEALLOWED, MANUALMOVE, SHOWEXPLANATIONWITHRECOMMENDATION) VALUES (28190, 'FT_FD1_2_1', '', 11183, 4.5, 'ils.diagToolkit.test.calculationMethods.fd1_2_1', False, False, '', 300, '', 'Final Diagnosis 1.2.1', True, False, '', True, '2021-03-30 15:04:22', '2021-03-30 15:04:22', 'FD_UUID', 'DIAGRAM_UUID', NULL, 0.0, False);
Insert into DtFinalDiagnosis (FINALDIAGNOSISID, FINALDIAGNOSISNAME, FINALDIAGNOSISLABEL, FAMILYID, FINALDIAGNOSISPRIORITY, CALCULATIONMETHOD, CONSTANT, POSTTEXTRECOMMENDATION, POSTPROCESSINGCALLBACK, REFRESHRATE, COMMENT, TEXTRECOMMENDATION, STATE, ACTIVE, EXPLANATION, TRAPINSIGNIFICANTRECOMMENDATIONS, LASTRECOMMENDATIONTIME, TIMEOFMOSTRECENTRECOMMENDATIONIMPLEMENTATION, FINALDIAGNOSISUUID, DIAGRAMUUID, MANUALMOVEALLOWED, MANUALMOVE, SHOWEXPLANATIONWITHRECOMMENDATION) VALUES (28191, 'FT_FD1_2_2', '', 11183, 4.5, 'ils.diagToolkit.test.calculationMethods.fd1_2_2', False, False, '', 300, '', 'Final Diagnosis 1.2.2', False, False, '', True, '2021-03-30 15:04:22', '2021-03-30 15:04:22', '', '', NULL, 0.0, False);
Insert into DtFinalDiagnosis (FINALDIAGNOSISID, FINALDIAGNOSISNAME, FINALDIAGNOSISLABEL, FAMILYID, FINALDIAGNOSISPRIORITY, CALCULATIONMETHOD, CONSTANT, POSTTEXTRECOMMENDATION, POSTPROCESSINGCALLBACK, REFRESHRATE, COMMENT, TEXTRECOMMENDATION, STATE, ACTIVE, EXPLANATION, TRAPINSIGNIFICANTRECOMMENDATIONS, LASTRECOMMENDATIONTIME, TIMEOFMOSTRECENTRECOMMENDATIONIMPLEMENTATION, FINALDIAGNOSISUUID, DIAGRAMUUID, MANUALMOVEALLOWED, MANUALMOVE, SHOWEXPLANATIONWITHRECOMMENDATION) VALUES (28192, 'FT_FD1_2_3', '', 11183, 9.8, 'ils.diagToolkit.test.calculationMethods.fd1_2_3', False, False, '', 300, '', 'Final Diagnosis 1.2.3', False, False, '', True, '2021-03-30 15:04:22', '2021-03-30 15:04:22', '', '', NULL, 0.0, False);
Insert into DtFinalDiagnosis (FINALDIAGNOSISID, FINALDIAGNOSISNAME, FINALDIAGNOSISLABEL, FAMILYID, FINALDIAGNOSISPRIORITY, CALCULATIONMETHOD, CONSTANT, POSTTEXTRECOMMENDATION, POSTPROCESSINGCALLBACK, REFRESHRATE, COMMENT, TEXTRECOMMENDATION, STATE, ACTIVE, EXPLANATION, TRAPINSIGNIFICANTRECOMMENDATIONS, LASTRECOMMENDATIONTIME, TIMEOFMOSTRECENTRECOMMENDATIONIMPLEMENTATION, FINALDIAGNOSISUUID, DIAGRAMUUID, MANUALMOVEALLOWED, MANUALMOVE, SHOWEXPLANATIONWITHRECOMMENDATION) VALUES (28193, 'FT_FD1_2_4', '', 11183, 4.5, '', True, False, '', 300, '', 'Final Diagnosis 1.2.4 is CONstant', False, False, '', True, '2021-03-30 15:04:22', '2021-03-30 15:04:22', '', '', NULL, NULL, False);
Insert into DtFinalDiagnosis (FINALDIAGNOSISID, FINALDIAGNOSISNAME, FINALDIAGNOSISLABEL, FAMILYID, FINALDIAGNOSISPRIORITY, CALCULATIONMETHOD, CONSTANT, POSTTEXTRECOMMENDATION, POSTPROCESSINGCALLBACK, REFRESHRATE, COMMENT, TEXTRECOMMENDATION, STATE, ACTIVE, EXPLANATION, TRAPINSIGNIFICANTRECOMMENDATIONS, LASTRECOMMENDATIONTIME, TIMEOFMOSTRECENTRECOMMENDATIONIMPLEMENTATION, FINALDIAGNOSISUUID, DIAGRAMUUID, MANUALMOVEALLOWED, MANUALMOVE, SHOWEXPLANATIONWITHRECOMMENDATION) VALUES (28194, 'FT_FD1_2_5', '', 11183, 10.2, 'ils.diagToolkit.test.calculationMethods.fd1_2_5', False, True, '', 300, '', 'Final Diagnosis 1.2.5 is a low priority text recommendation.  ', False, False, '', True, '2021-03-30 15:04:22', '2021-03-30 15:04:22', '', '', NULL, NULL, False);
Insert into DtFinalDiagnosis (FINALDIAGNOSISID, FINALDIAGNOSISNAME, FINALDIAGNOSISLABEL, FAMILYID, FINALDIAGNOSISPRIORITY, CALCULATIONMETHOD, CONSTANT, POSTTEXTRECOMMENDATION, POSTPROCESSINGCALLBACK, REFRESHRATE, COMMENT, TEXTRECOMMENDATION, STATE, ACTIVE, EXPLANATION, TRAPINSIGNIFICANTRECOMMENDATIONS, LASTRECOMMENDATIONTIME, TIMEOFMOSTRECENTRECOMMENDATIONIMPLEMENTATION, FINALDIAGNOSISUUID, DIAGRAMUUID, MANUALMOVEALLOWED, MANUALMOVE, SHOWEXPLANATIONWITHRECOMMENDATION) VALUES (28195, 'FT_FD1_2_6', '', 11183, 1.2, 'ils.diagToolkit.test.calculationMethods.fd1_2_6', False, True, '', 300, '', 'Final Diagnosis 1.2.6 is a high priority text recommendation which is correct 95% of the time.  ', False, False, '', True, '2021-03-30 15:04:22', '2021-03-30 15:04:22', '', '', NULL, NULL, False);
Insert into DtFinalDiagnosis (FINALDIAGNOSISID, FINALDIAGNOSISNAME, FINALDIAGNOSISLABEL, FAMILYID, FINALDIAGNOSISPRIORITY, CALCULATIONMETHOD, CONSTANT, POSTTEXTRECOMMENDATION, POSTPROCESSINGCALLBACK, REFRESHRATE, COMMENT, TEXTRECOMMENDATION, STATE, ACTIVE, EXPLANATION, TRAPINSIGNIFICANTRECOMMENDATIONS, LASTRECOMMENDATIONTIME, TIMEOFMOSTRECENTRECOMMENDATIONIMPLEMENTATION, FINALDIAGNOSISUUID, DIAGRAMUUID, MANUALMOVEALLOWED, MANUALMOVE, SHOWEXPLANATIONWITHRECOMMENDATION) VALUES (28196, 'FT_FD2_1_1', '', 11184, 7.8, 'ils.diagToolkit.test.calculationMethods.fd2_1_1a', False, False, '', 300, '', 'Final Diagnosis 2.1.1', True, False, '', False, '2021-03-30 15:04:22', '2021-03-30 15:04:22', 'FD_UUID', 'DIAGRAM_UUID', NULL, 0.0, False);
Insert into DtFinalDiagnosis (FINALDIAGNOSISID, FINALDIAGNOSISNAME, FINALDIAGNOSISLABEL, FAMILYID, FINALDIAGNOSISPRIORITY, CALCULATIONMETHOD, CONSTANT, POSTTEXTRECOMMENDATION, POSTPROCESSINGCALLBACK, REFRESHRATE, COMMENT, TEXTRECOMMENDATION, STATE, ACTIVE, EXPLANATION, TRAPINSIGNIFICANTRECOMMENDATIONS, LASTRECOMMENDATIONTIME, TIMEOFMOSTRECENTRECOMMENDATIONIMPLEMENTATION, FINALDIAGNOSISUUID, DIAGRAMUUID, MANUALMOVEALLOWED, MANUALMOVE, SHOWEXPLANATIONWITHRECOMMENDATION) VALUES (28197, '.', '', 10409, 0.0, '', NULL, False, '', 0, '', '', NULL, False, '', NULL, '2021-03-30 15:04:22', '2021-03-30 15:04:22', 'ed868073-095c-4164-857f-e1ccfba881e1', 'db579332-e059-4fdf-b504-d75c026099d9', NULL, NULL, False);

/*
Table: DtQuantOutput
*/

Insert into DtQuantOutput (QUANTOUTPUTID, QUANTOUTPUTNAME, APPLICATIONID, TAGPATH, MOSTNEGATIVEINCREMENT, MOSTPOSITIVEINCREMENT, IGNOREMINIMUMINCREMENT, MINIMUMINCREMENT, SETPOINTHIGHLIMIT, SETPOINTLOWLIMIT, FEEDBACKMETHODID, INCREMENTALOUTPUT, OUTPUTLIMITEDSTATUS, OUTPUTLIMITED, OUTPUTPERCENT, FEEDBACKOUTPUT, FEEDBACKOUTPUTMANUAL, FEEDBACKOUTPUTCONDITIONED, MANUALOVERRIDE, ACTIVE, DOWNLOADACTION, DOWNLOADSTATUS, CURRENTSETPOINT, FINALSETPOINT, DISPLAYEDRECOMMENDATION) VALUES (17617, 'TESTQ1', 5694, 'DiagnosticToolkit/Outputs/T1', -500.0, 500.0, False, 0.0001, 1000.0, -1000.0, 9, True, 'Not Bound', False, 100.0, 31.4, 0.0, 31.4, False, False, 'GO', '', 9.60000038147, 41.0000003815, 31.4);
Insert into DtQuantOutput (QUANTOUTPUTID, QUANTOUTPUTNAME, APPLICATIONID, TAGPATH, MOSTNEGATIVEINCREMENT, MOSTPOSITIVEINCREMENT, IGNOREMINIMUMINCREMENT, MINIMUMINCREMENT, SETPOINTHIGHLIMIT, SETPOINTLOWLIMIT, FEEDBACKMETHODID, INCREMENTALOUTPUT, OUTPUTLIMITEDSTATUS, OUTPUTLIMITED, OUTPUTPERCENT, FEEDBACKOUTPUT, FEEDBACKOUTPUTMANUAL, FEEDBACKOUTPUTCONDITIONED, MANUALOVERRIDE, ACTIVE, DOWNLOADACTION, DOWNLOADSTATUS, CURRENTSETPOINT, FINALSETPOINT, DISPLAYEDRECOMMENDATION) VALUES (17618, 'TESTQ2', 5694, 'DiagnosticToolkit/Outputs/T2', -500.0, 500.0, False, 0.0001, 1000.0, -1000.0, 9, True, 'Not Bound', False, 100.0, 53.4, 0.0, 53.4, False, False, 'GO', '', 23.5, 76.9, 53.4);
Insert into DtQuantOutput (QUANTOUTPUTID, QUANTOUTPUTNAME, APPLICATIONID, TAGPATH, MOSTNEGATIVEINCREMENT, MOSTPOSITIVEINCREMENT, IGNOREMINIMUMINCREMENT, MINIMUMINCREMENT, SETPOINTHIGHLIMIT, SETPOINTLOWLIMIT, FEEDBACKMETHODID, INCREMENTALOUTPUT, OUTPUTLIMITEDSTATUS, OUTPUTLIMITED, OUTPUTPERCENT, FEEDBACKOUTPUT, FEEDBACKOUTPUTMANUAL, FEEDBACKOUTPUTCONDITIONED, MANUALOVERRIDE, ACTIVE, DOWNLOADACTION, DOWNLOADSTATUS, CURRENTSETPOINT, FINALSETPOINT, DISPLAYEDRECOMMENDATION) VALUES (17619, 'TESTQ3', 5694, 'DiagnosticToolkit/Outputs/T3', -500.0, 500.0, False, 0.0001, 1000.0, -1000.0, 9, True, '', NULL, NULL, NULL, 0.0, NULL, False, False, '', '', NULL, NULL, NULL);
Insert into DtQuantOutput (QUANTOUTPUTID, QUANTOUTPUTNAME, APPLICATIONID, TAGPATH, MOSTNEGATIVEINCREMENT, MOSTPOSITIVEINCREMENT, IGNOREMINIMUMINCREMENT, MINIMUMINCREMENT, SETPOINTHIGHLIMIT, SETPOINTLOWLIMIT, FEEDBACKMETHODID, INCREMENTALOUTPUT, OUTPUTLIMITEDSTATUS, OUTPUTLIMITED, OUTPUTPERCENT, FEEDBACKOUTPUT, FEEDBACKOUTPUTMANUAL, FEEDBACKOUTPUTCONDITIONED, MANUALOVERRIDE, ACTIVE, DOWNLOADACTION, DOWNLOADSTATUS, CURRENTSETPOINT, FINALSETPOINT, DISPLAYEDRECOMMENDATION) VALUES (17620, 'TEST_Q21', 5695, 'DiagnosticToolkit/Outputs/TC100', -500.0, 500.0, False, 0.0001, 1000.0, -1000.0, 9, True, 'Not Bound', False, 100.0, 7.35, 0.0, 7.35, False, False, 'GO', '', 19.88, 27.23, 7.35);
Insert into DtQuantOutput (QUANTOUTPUTID, QUANTOUTPUTNAME, APPLICATIONID, TAGPATH, MOSTNEGATIVEINCREMENT, MOSTPOSITIVEINCREMENT, IGNOREMINIMUMINCREMENT, MINIMUMINCREMENT, SETPOINTHIGHLIMIT, SETPOINTLOWLIMIT, FEEDBACKMETHODID, INCREMENTALOUTPUT, OUTPUTLIMITEDSTATUS, OUTPUTLIMITED, OUTPUTPERCENT, FEEDBACKOUTPUT, FEEDBACKOUTPUTMANUAL, FEEDBACKOUTPUTCONDITIONED, MANUALOVERRIDE, ACTIVE, DOWNLOADACTION, DOWNLOADSTATUS, CURRENTSETPOINT, FINALSETPOINT, DISPLAYEDRECOMMENDATION) VALUES (17621, 'TEST_Q22', 5695, 'DiagnosticToolkit/Outputs/TC101', -500.0, 500.0, False, 0.0001, 1000.0, -1000.0, 9, True, 'Not Bound', False, 100.0, 30.54, 0.0, 30.54, False, False, 'GO', '', 123.15, 153.69, 30.54);
Insert into DtQuantOutput (QUANTOUTPUTID, QUANTOUTPUTNAME, APPLICATIONID, TAGPATH, MOSTNEGATIVEINCREMENT, MOSTPOSITIVEINCREMENT, IGNOREMINIMUMINCREMENT, MINIMUMINCREMENT, SETPOINTHIGHLIMIT, SETPOINTLOWLIMIT, FEEDBACKMETHODID, INCREMENTALOUTPUT, OUTPUTLIMITEDSTATUS, OUTPUTLIMITED, OUTPUTPERCENT, FEEDBACKOUTPUT, FEEDBACKOUTPUTMANUAL, FEEDBACKOUTPUTCONDITIONED, MANUALOVERRIDE, ACTIVE, DOWNLOADACTION, DOWNLOADSTATUS, CURRENTSETPOINT, FINALSETPOINT, DISPLAYEDRECOMMENDATION) VALUES (17622, 'TEST_Q23', 5695, 'DiagnosticToolkit/Outputs/T100', -500.0, 500.0, False, 0.0001, 1000.0, -1000.0, 9, True, 'Not Bound', False, 100.0, -5.23, 0.0, -5.23, False, False, 'GO', '', 2.31, -2.92, -5.23);
Insert into DtQuantOutput (QUANTOUTPUTID, QUANTOUTPUTNAME, APPLICATIONID, TAGPATH, MOSTNEGATIVEINCREMENT, MOSTPOSITIVEINCREMENT, IGNOREMINIMUMINCREMENT, MINIMUMINCREMENT, SETPOINTHIGHLIMIT, SETPOINTLOWLIMIT, FEEDBACKMETHODID, INCREMENTALOUTPUT, OUTPUTLIMITEDSTATUS, OUTPUTLIMITED, OUTPUTPERCENT, FEEDBACKOUTPUT, FEEDBACKOUTPUTMANUAL, FEEDBACKOUTPUTCONDITIONED, MANUALOVERRIDE, ACTIVE, DOWNLOADACTION, DOWNLOADSTATUS, CURRENTSETPOINT, FINALSETPOINT, DISPLAYEDRECOMMENDATION) VALUES (17623, 'TEST_Q24', 5695, 'DiagnosticToolkit/Outputs/T101', -500.0, 500.0, False, 0.0001, 1000.0, -1000.0, 9, True, 'Not Bound', False, 100.0, 12.45, 0.0, 12.45, False, False, 'GO', '', 36.23, 48.68, 12.45);
Insert into DtQuantOutput (QUANTOUTPUTID, QUANTOUTPUTNAME, APPLICATIONID, TAGPATH, MOSTNEGATIVEINCREMENT, MOSTPOSITIVEINCREMENT, IGNOREMINIMUMINCREMENT, MINIMUMINCREMENT, SETPOINTHIGHLIMIT, SETPOINTLOWLIMIT, FEEDBACKMETHODID, INCREMENTALOUTPUT, OUTPUTLIMITEDSTATUS, OUTPUTLIMITED, OUTPUTPERCENT, FEEDBACKOUTPUT, FEEDBACKOUTPUTMANUAL, FEEDBACKOUTPUTCONDITIONED, MANUALOVERRIDE, ACTIVE, DOWNLOADACTION, DOWNLOADSTATUS, CURRENTSETPOINT, FINALSETPOINT, DISPLAYEDRECOMMENDATION) VALUES (17624, 'TEST_Q25', 5695, 'DiagnosticToolkit/Outputs/TC102', -500.0, 500.0, False, 0.0001, 1000.0, -1000.0, 9, True, '', NULL, NULL, NULL, 0.0, NULL, False, False, '', '', NULL, NULL, NULL);

/*
Table: DtQuantOutputRamp
*/


/*
Table: DtRecommendationDefinition
*/

Insert into DtRecommendationDefinition (RECOMMENDATIONDEFINITIONID, FINALDIAGNOSISID, QUANTOUTPUTID) VALUES (42808, 28189, 17617);
Insert into DtRecommendationDefinition (RECOMMENDATIONDEFINITIONID, FINALDIAGNOSISID, QUANTOUTPUTID) VALUES (42809, 28190, 17617);
Insert into DtRecommendationDefinition (RECOMMENDATIONDEFINITIONID, FINALDIAGNOSISID, QUANTOUTPUTID) VALUES (42810, 28190, 17618);
Insert into DtRecommendationDefinition (RECOMMENDATIONDEFINITIONID, FINALDIAGNOSISID, QUANTOUTPUTID) VALUES (42811, 28191, 17618);
Insert into DtRecommendationDefinition (RECOMMENDATIONDEFINITIONID, FINALDIAGNOSISID, QUANTOUTPUTID) VALUES (42812, 28191, 17619);
Insert into DtRecommendationDefinition (RECOMMENDATIONDEFINITIONID, FINALDIAGNOSISID, QUANTOUTPUTID) VALUES (42813, 28192, 17617);
Insert into DtRecommendationDefinition (RECOMMENDATIONDEFINITIONID, FINALDIAGNOSISID, QUANTOUTPUTID) VALUES (42814, 28192, 17618);
Insert into DtRecommendationDefinition (RECOMMENDATIONDEFINITIONID, FINALDIAGNOSISID, QUANTOUTPUTID) VALUES (42815, 28192, 17619);
Insert into DtRecommendationDefinition (RECOMMENDATIONDEFINITIONID, FINALDIAGNOSISID, QUANTOUTPUTID) VALUES (42816, 28196, 17620);
Insert into DtRecommendationDefinition (RECOMMENDATIONDEFINITIONID, FINALDIAGNOSISID, QUANTOUTPUTID) VALUES (42817, 28196, 17621);
Insert into DtRecommendationDefinition (RECOMMENDATIONDEFINITIONID, FINALDIAGNOSISID, QUANTOUTPUTID) VALUES (42818, 28196, 17622);
Insert into DtRecommendationDefinition (RECOMMENDATIONDEFINITIONID, FINALDIAGNOSISID, QUANTOUTPUTID) VALUES (42819, 28196, 17623);
Insert into DtRecommendationDefinition (RECOMMENDATIONDEFINITIONID, FINALDIAGNOSISID, QUANTOUTPUTID) VALUES (42820, 28196, 17624);
